{"stats":{"minecraft:killed":{"minecraft:cow":4},"minecraft:dropped":{"minecraft:leather":5,"minecraft:sand":1,"minecraft:sugar_cane":6,"minecraft:beef":8},"minecraft:mined":{"minecraft:grass":7,"minecraft:sand":1,"minecraft:tall_grass":1,"minecraft:sugar_cane":3,"minecraft:dandelion":2},"minecraft:custom":{"minecraft:time_since_rest":2153,"minecraft:play_time":2153,"minecraft:sprint_one_cm":8307,"minecraft:walk_one_cm":2474,"minecraft:walk_under_water_one_cm":193,"minecraft:mob_kills":4,"minecraft:drop":4,"minecraft:jump":101,"minecraft:damage_dealt":400,"minecraft:leave_game":1,"minecraft:time_since_death":2153,"minecraft:walk_on_water_one_cm":490,"minecraft:total_world_time":2153,"minecraft:swim_one_cm":1396,"minecraft:fall_one_cm":4470,"minecraft:fly_one_cm":15351},"minecraft:used":{"minecraft:dandelion":2},"minecraft:picked_up":{"minecraft:leather":5,"minecraft:dandelion":2,"minecraft:beef":8,"minecraft:sand":1,"minecraft:sugar_cane":6}},"DataVersion":3465}